first_column,district_seq_id,scenario_name,demand_period,mode_type,od_volume,total_distance_km,total_distance_mile,total_travel_time_min,avg_distance_km,avg_distance_mile,avg_travel_time_in_min,zone_vector,geometry
0,0,2025,am,auto,347800,3.24095e+06,2.01427e+06,7.07389e+06,9.31844,5.79145,20.339,3;4;5;6;7;8;9;10;11;12;13;14;15;16;17;18;19;20;21;22;23;24;,"POLYGON ((-96.7743 43.573,-96.7116 43.5876,-96.6934 43.5638,-96.6941 43.5467,-96.7112 43.5153,-96.7934 43.4907,-96.7743 43.573,))"
0,1,2025,am,auto,8800,143565,89225.9,236580,16.3142,10.1393,26.8841,1;,"POLYGON ((-96.7704 43.6128,))"
0,2,2025,am,auto,4000,56762.2,35278,98887.3,14.1906,8.81949,24.7218,2;,"POLYGON ((-96.7113 43.6058,))"
